{"success":true,"data":{"is_show_load_more":false,"last_parent_id":"102236","comments_count":5,"comment_list":"<div id='wpd-comm-108510_0' class='comment even thread-even depth-1 wpd-comment wpd_comment_level-1'><div class=\"wpd-comment-wrap wpd-blog-guest\">\r\n    \r\n    <div id=\"comment-108510\" class=\"wpd-comment-right\">\r\n    <div class=\"wpd-comment-header\">\r\n    <div class=\"wpd-comment-author \">\r\n    mhmdedee\r\n<\/div>\r\n    <div class=\"wpd-comment-date\" title=\"June 19, 2025 10:53 pm\">\r\n    <i class='far fa-clock' aria-hidden='true'><\/i>\r\n    2 months Yang Lalu\r\n<\/div>\r\n    \r\n    \r\n    <div class=\"wpd-space\"><\/div>\r\n    \r\n<\/div>\r\n    \r\n    <div class=\"wpd-comment-text\">\r\n    <p>ketua moal bisa balik a<\/p>\n\r\n<\/div>\r\n    <div class=\"wpd-comment-footer\">\r\n    \r\n    <div class=\"wpd-reply-button\">\r\n    <svg xmlns='https:\/\/www.w3.org\/2000\/svg' viewBox='0 0 24 24'><path d='M10 9V5l-7 7 7 7v-4.1c5 0 8.5 1.6 11 5.1-1-5-4-10-11-11z'\/><path d='M0 0h24v24H0z' fill='none'\/><\/svg>\r\n    <span>Balas<\/span>\r\n<\/div>\r\n    <div class=\"wpd-space\"><\/div>\r\n    \r\n    \r\n<\/div>\r\n<\/div>\r\n<\/div><div id='wpdiscuz_form_anchor-108510_0'><\/div><\/div><div id='wpd-comm-104367_0' class='comment odd alt thread-odd thread-alt depth-1 wpd-comment wpd_comment_level-1'><div class=\"wpd-comment-wrap wpd-blog-guest\">\r\n    \r\n    <div id=\"comment-104367\" class=\"wpd-comment-right\">\r\n    <div class=\"wpd-comment-header\">\r\n    <div class=\"wpd-comment-author \">\r\n    Naisehh\r\n<\/div>\r\n    <div class=\"wpd-comment-date\" title=\"June 17, 2025 11:01 am\">\r\n    <i class='far fa-clock' aria-hidden='true'><\/i>\r\n    2 months Yang Lalu\r\n<\/div>\r\n    \r\n    \r\n    <div class=\"wpd-space\"><\/div>\r\n    \r\n<\/div>\r\n    \r\n    <div class=\"wpd-comment-text\">\r\n    <p>Anjayyyyyyy semoga dilancarkan mas farhan ganteng<\/p>\n\r\n<\/div>\r\n    <div class=\"wpd-comment-footer\">\r\n    \r\n    <div class=\"wpd-reply-button\">\r\n    <svg xmlns='https:\/\/www.w3.org\/2000\/svg' viewBox='0 0 24 24'><path d='M10 9V5l-7 7 7 7v-4.1c5 0 8.5 1.6 11 5.1-1-5-4-10-11-11z'\/><path d='M0 0h24v24H0z' fill='none'\/><\/svg>\r\n    <span>Balas<\/span>\r\n<\/div>\r\n    <div class=\"wpd-space\"><\/div>\r\n    \r\n    \r\n<\/div>\r\n<\/div>\r\n<\/div><div id='wpdiscuz_form_anchor-104367_0'><\/div><\/div><div id='wpd-comm-102721_0' class='comment even thread-even depth-1 wpd-comment wpd_comment_level-1'><div class=\"wpd-comment-wrap wpd-blog-guest\">\r\n    \r\n    <div id=\"comment-102721\" class=\"wpd-comment-right\">\r\n    <div class=\"wpd-comment-header\">\r\n    <div class=\"wpd-comment-author \">\r\n    sinta\r\n<\/div>\r\n    <div class=\"wpd-comment-date\" title=\"June 16, 2025 10:33 am\">\r\n    <i class='far fa-clock' aria-hidden='true'><\/i>\r\n    2 months Yang Lalu\r\n<\/div>\r\n    \r\n    \r\n    <div class=\"wpd-space\"><\/div>\r\n    \r\n<\/div>\r\n    \r\n    <div class=\"wpd-comment-text\">\r\n    <p>lancar sampai hari H ,\ud83e\udd32<\/p>\n\r\n<\/div>\r\n    <div class=\"wpd-comment-footer\">\r\n    \r\n    <div class=\"wpd-reply-button\">\r\n    <svg xmlns='https:\/\/www.w3.org\/2000\/svg' viewBox='0 0 24 24'><path d='M10 9V5l-7 7 7 7v-4.1c5 0 8.5 1.6 11 5.1-1-5-4-10-11-11z'\/><path d='M0 0h24v24H0z' fill='none'\/><\/svg>\r\n    <span>Balas<\/span>\r\n<\/div>\r\n    <div class=\"wpd-space\"><\/div>\r\n    \r\n    \r\n<\/div>\r\n<\/div>\r\n<\/div><div id='wpdiscuz_form_anchor-102721_0'><\/div><\/div><div id='wpd-comm-102247_0' class='comment odd alt thread-odd thread-alt depth-1 wpd-comment wpd_comment_level-1'><div class=\"wpd-comment-wrap wpd-blog-guest\">\r\n    \r\n    <div id=\"comment-102247\" class=\"wpd-comment-right\">\r\n    <div class=\"wpd-comment-header\">\r\n    <div class=\"wpd-comment-author \">\r\n    King ibaaaal\r\n<\/div>\r\n    <div class=\"wpd-comment-date\" title=\"June 15, 2025 10:28 pm\">\r\n    <i class='far fa-clock' aria-hidden='true'><\/i>\r\n    2 months Yang Lalu\r\n<\/div>\r\n    \r\n    \r\n    <div class=\"wpd-space\"><\/div>\r\n    \r\n<\/div>\r\n    \r\n    <div class=\"wpd-comment-text\">\r\n    <p>WOAAAAAH FIIK SELAMAAAAAAAAT<\/p>\n\r\n<\/div>\r\n    <div class=\"wpd-comment-footer\">\r\n    \r\n    <div class=\"wpd-reply-button\">\r\n    <svg xmlns='https:\/\/www.w3.org\/2000\/svg' viewBox='0 0 24 24'><path d='M10 9V5l-7 7 7 7v-4.1c5 0 8.5 1.6 11 5.1-1-5-4-10-11-11z'\/><path d='M0 0h24v24H0z' fill='none'\/><\/svg>\r\n    <span>Balas<\/span>\r\n<\/div>\r\n    <div class=\"wpd-space\"><\/div>\r\n    \r\n    \r\n<\/div>\r\n<\/div>\r\n<\/div><div id='wpdiscuz_form_anchor-102247_0'><\/div><\/div><div id='wpd-comm-102236_0' class='comment even thread-even depth-1 wpd-comment wpd_comment_level-1'><div class=\"wpd-comment-wrap wpd-blog-guest\">\r\n    \r\n    <div id=\"comment-102236\" class=\"wpd-comment-right\">\r\n    <div class=\"wpd-comment-header\">\r\n    <div class=\"wpd-comment-author \">\r\n    Zafa family\r\n<\/div>\r\n    <div class=\"wpd-comment-date\" title=\"June 15, 2025 10:20 pm\">\r\n    <i class='far fa-clock' aria-hidden='true'><\/i>\r\n    2 months Yang Lalu\r\n<\/div>\r\n    \r\n    \r\n    <div class=\"wpd-space\"><\/div>\r\n    \r\n<\/div>\r\n    \r\n    <div class=\"wpd-comment-text\">\r\n    <p>Selamat menempuh hidup baru adik adikku Semoga menjadi keluarga yg bahagia di dunia dan di akhirat Semoga menjadi keluarga yg sakinnah mawaddah warrahmah Semoga farhan bisa mjd imam yg baik<span id='wpdiscuz-readmore-102236_0'><span class='wpdiscuz-hellip'>&hellip;&nbsp;<\/span><span class='wpdiscuz-readmore' title='Read more \u00bb'>Read more \u00bb<\/span><\/span><\/p>\r\n<\/div>\r\n    <div class=\"wpd-comment-footer\">\r\n    \r\n    <div class=\"wpd-reply-button\">\r\n    <svg xmlns='https:\/\/www.w3.org\/2000\/svg' viewBox='0 0 24 24'><path d='M10 9V5l-7 7 7 7v-4.1c5 0 8.5 1.6 11 5.1-1-5-4-10-11-11z'\/><path d='M0 0h24v24H0z' fill='none'\/><\/svg>\r\n    <span>Balas<\/span>\r\n<\/div>\r\n    <div class=\"wpd-space\"><\/div>\r\n    \r\n    \r\n<\/div>\r\n<\/div>\r\n<\/div><div id='wpdiscuz_form_anchor-102236_0'><\/div><\/div><!-- \/\/ From wpDiscuz's Caches \/\/ -->","ring":"SUCCESS","wc_all_comments_count_new":"5","wc_all_comments_count_new_html":"<span class='wpdtc'>5<\/span> Best Friends Wishes","callbackFunctions":[]}}