{"responseContext":{"serviceTrackingParams":[{"service":"CSI","params":[{"key":"c","value":"WEB_EMBEDDED_PLAYER"},{"key":"cver","value":"2.20250827.22.00"},{"key":"yt_li","value":"1"},{"key":"GetSettingValues_rid","value":"0x59f344d79dee1e4d"}]},{"service":"GFEEDBACK","params":[{"key":"logged_in","value":"1"}]},{"service":"GUIDED_HELP","params":[{"key":"logged_in","value":"1"}]},{"service":"ECATCHER","params":[{"key":"client.version","value":"2.20250827"},{"key":"client.name","value":"WEB_EMBEDDED_PLAYER"}]}],"webResponseContextExtensionData":{"hasDecorated":true}},"settingValues":[{"key":"483","value":{"stringValue":""}}]}