{"responseContext":{"serviceTrackingParams":[{"service":"CSI","params":[{"key":"c","value":"WEB_EMBEDDED_PLAYER"},{"key":"cver","value":"2.20250827.22.00"},{"key":"yt_li","value":"1"},{"key":"GetWatchNext_rid","value":"0xab8306adf30603be"}]},{"service":"GFEEDBACK","params":[{"key":"logged_in","value":"1"}]},{"service":"GUIDED_HELP","params":[{"key":"logged_in","value":"1"}]},{"service":"ECATCHER","params":[{"key":"client.version","value":"2.20250827"},{"key":"client.name","value":"WEB_EMBEDDED_PLAYER"}]}],"webResponseContextExtensionData":{"hasDecorated":true}},"currentVideoEndpoint":{"clickTrackingParams":"CAAQg2ciEwi6g4KisbuPAxWhep0JHTjiNZs=","commandMetadata":{"webCommandMetadata":{"url":"/watch?v=D-VytLhH-KE","webPageType":"WEB_PAGE_TYPE_WATCH","rootVe":3832}},"watchEndpoint":{"videoId":"D-VytLhH-KE"}},"trackingParams":"CAAQg2ciEwi6g4KisbuPAxWhep0JHTjiNZs=","playerOverlays":{"playerOverlayRenderer":{"endScreen":{"watchNextEndScreenRenderer":{"results":[{"endScreenVideoRenderer":{"videoId":"NCGXnz_z_Vs","thumbnail":{"thumbnails":[{"url":"https://i.ytimg.com/vi/NCGXnz_z_Vs/default.jpg","width":120,"height":90},{"url":"https://i.ytimg.com/vi/NCGXnz_z_Vs/hqdefault.jpg?sqp=-oaymwEbCKgBEF5IVfKriqkDDggBFQAAiEIYAXABwAEG&rs=AOn4CLAC8FPjK94kNRPFAa-5rdJCok1Pzw","width":168,"height":94},{"url":"https://i.ytimg.com/vi/NCGXnz_z_Vs/hqdefault.jpg?sqp=-oaymwEbCMQBEG5IVfKriqkDDggBFQAAiEIYAXABwAEG&rs=AOn4CLD6zJGebMAk1c2ucr31UK7NuP_sdQ","width":196,"height":110},{"url":"https://i.ytimg.com/vi/NCGXnz_z_Vs/hqdefault.jpg?sqp=-oaymwEcCPYBEIoBSFXyq4qpAw4IARUAAIhCGAFwAcABBg==&rs=AOn4CLD_SYRukuiPH2Z9t4rFs-3fSZ0LNQ","width":246,"height":138},{"url":"https://i.ytimg.com/vi/NCGXnz_z_Vs/mqdefault.jpg","width":320,"height":180},{"url":"https://i.ytimg.com/vi/NCGXnz_z_Vs/hqdefault.jpg?sqp=-oaymwEcCNACELwBSFXyq4qpAw4IARUAAIhCGAFwAcABBg==&rs=AOn4CLBC-L6Gz5yP6XJ69Z_hdiuZ7H_jhA","width":336,"height":188},{"url":"https://i.ytimg.com/vi/NCGXnz_z_Vs/hqdefault.jpg","width":480,"height":360},{"url":"https://i.ytimg.com/vi/NCGXnz_z_Vs/sddefault.jpg","width":640,"height":480},{"url":"https://i.ytimg.com/vi/NCGXnz_z_Vs/maxresdefault.jpg","width":1920,"height":1080}]},"title":{"runs":[{"text":"NINA - FEAST & HINDIA FULL ALBUM TERBARU 2025 (LIRIK) || LAGU POP INDONESIA TERBARU 2025 TERPOPULER"}],"accessibility":{"accessibilityData":{"label":"NINA - FEAST & HINDIA FULL ALBUM TERBARU 2025 (LIRIK) || LAGU POP INDONESIA TERBARU 2025 TERPOPULER oleh Galeri Musik 349.451 x ditonton 1 bulan yang lalu 2 jam"}}},"shortBylineText":{"runs":[{"text":"Galeri Musik","navigationEndpoint":{"clickTrackingParams":"CBoQvU4YACITCLqDgqKxu48DFaF6nQkdOOI1mw==","commandMetadata":{"webCommandMetadata":{"url":"/@galerimusiklirik","webPageType":"WEB_PAGE_TYPE_CHANNEL","rootVe":3611,"apiUrl":"/youtubei/v1/browse"}},"browseEndpoint":{"browseId":"UCrv2b-Eyuk0aYsVIebws88w","canonicalBaseUrl":"/@galerimusiklirik"}}}]},"lengthText":{"runs":[{"text":"2.00.25"}],"accessibility":{"accessibilityData":{"label":"2 jam, 25 detik"}}},"lengthInSeconds":7225,"navigationEndpoint":{"clickTrackingParams":"CBoQvU4YACITCLqDgqKxu48DFaF6nQkdOOI1mw==","commandMetadata":{"webCommandMetadata":{"url":"https://www.youtube.com/watch?v=NCGXnz_z_Vs&feature=endscreen","webPageType":"WEB_PAGE_TYPE_UNKNOWN","rootVe":83769}},"urlEndpoint":{"url":"https://www.youtube.com/watch?v=NCGXnz_z_Vs&feature=endscreen","target":"TARGET_NEW_WINDOW"}},"trackingParams":"CBoQvU4YACITCLqDgqKxu48DFaF6nQkdOOI1mw==","shortViewCountText":{"runs":[{"text":"349 rb x ditonton"}],"accessibility":{"accessibilityData":{"label":"349 ribu x ditonton"}}},"publishedTimeText":{"runs":[{"text":"1 bulan yang lalu"}]},"thumbnailOverlays":[{"thumbnailOverlayTimeStatusRenderer":{"text":{"runs":[{"text":"2.00.25"}],"accessibility":{"accessibilityData":{"label":"2 jam, 25 detik"}}},"style":"DEFAULT"}}]}},{"endScreenVideoRenderer":{"videoId":"RJ0RZ8pnKFY","thumbnail":{"thumbnails":[{"url":"https://i.ytimg.com/vi/RJ0RZ8pnKFY/default.jpg","width":120,"height":90},{"url":"https://i.ytimg.com/vi/RJ0RZ8pnKFY/hqdefault.jpg?sqp=-oaymwEbCKgBEF5IVfKriqkDDggBFQAAiEIYAXABwAEG&rs=AOn4CLD5avlrGd7m4BmwD21_abHtgDHSxw","width":168,"height":94},{"url":"https://i.ytimg.com/vi/RJ0RZ8pnKFY/hqdefault.jpg?sqp=-oaymwEbCMQBEG5IVfKriqkDDggBFQAAiEIYAXABwAEG&rs=AOn4CLDXxOPXEs4mGrwhRHhNf2EaRdFniQ","width":196,"height":110},{"url":"https://i.ytimg.com/vi/RJ0RZ8pnKFY/hqdefault.jpg?sqp=-oaymwEcCPYBEIoBSFXyq4qpAw4IARUAAIhCGAFwAcABBg==&rs=AOn4CLD1JLNXB5VYRJiHMfDwXElbqRPB_Q","width":246,"height":138},{"url":"https://i.ytimg.com/vi/RJ0RZ8pnKFY/mqdefault.jpg","width":320,"height":180},{"url":"https://i.ytimg.com/vi/RJ0RZ8pnKFY/hqdefault.jpg?sqp=-oaymwEcCNACELwBSFXyq4qpAw4IARUAAIhCGAFwAcABBg==&rs=AOn4CLBjgNGuWZw-GNzxXwW1My4MTYt9Sw","width":336,"height":188},{"url":"https://i.ytimg.com/vi/RJ0RZ8pnKFY/hqdefault.jpg","width":480,"height":360},{"url":"https://i.ytimg.com/vi/RJ0RZ8pnKFY/sddefault.jpg","width":640,"height":480},{"url":"https://i.ytimg.com/vi/RJ0RZ8pnKFY/maxresdefault.jpg","width":1920,"height":1080}]},"title":{"runs":[{"text":"Lagu Santai Buat Kerja"}],"accessibility":{"accessibilityData":{"label":"Lagu Santai Buat Kerja oleh DICARI MUSIC 7.735.017 x ditonton 1 tahun yang lalu 1 jam, 57 menit"}}},"shortBylineText":{"runs":[{"text":"DICARI MUSIC","navigationEndpoint":{"clickTrackingParams":"CBkQvU4YASITCLqDgqKxu48DFaF6nQkdOOI1mw==","commandMetadata":{"webCommandMetadata":{"url":"/@dicarimusic","webPageType":"WEB_PAGE_TYPE_CHANNEL","rootVe":3611,"apiUrl":"/youtubei/v1/browse"}},"browseEndpoint":{"browseId":"UC9kP7xgWzJWsuIA6DQ9b-qQ","canonicalBaseUrl":"/@dicarimusic"}}}]},"lengthText":{"runs":[{"text":"1.57.14"}],"accessibility":{"accessibilityData":{"label":"1 jam, 57 menit, 14 detik"}}},"lengthInSeconds":7034,"navigationEndpoint":{"clickTrackingParams":"CBkQvU4YASITCLqDgqKxu48DFaF6nQkdOOI1mw==","commandMetadata":{"webCommandMetadata":{"url":"https://www.youtube.com/watch?v=RJ0RZ8pnKFY&feature=endscreen","webPageType":"WEB_PAGE_TYPE_UNKNOWN","rootVe":83769}},"urlEndpoint":{"url":"https://www.youtube.com/watch?v=RJ0RZ8pnKFY&feature=endscreen","target":"TARGET_NEW_WINDOW"}},"trackingParams":"CBkQvU4YASITCLqDgqKxu48DFaF6nQkdOOI1mw==","shortViewCountText":{"runs":[{"text":"7,7 jt x ditonton"}],"accessibility":{"accessibilityData":{"label":"7,7 juta x ditonton"}}},"publishedTimeText":{"runs":[{"text":"1 tahun yang lalu"}]},"thumbnailOverlays":[{"thumbnailOverlayTimeStatusRenderer":{"text":{"runs":[{"text":"1.57.14"}],"accessibility":{"accessibilityData":{"label":"1 jam, 57 menit, 14 detik"}}},"style":"DEFAULT"}}]}},{"endScreenVideoRenderer":{"videoId":"v0r-0-ZE2gk","thumbnail":{"thumbnails":[{"url":"https://i.ytimg.com/vi/v0r-0-ZE2gk/default.jpg","width":120,"height":90},{"url":"https://i.ytimg.com/vi/v0r-0-ZE2gk/hqdefault.jpg?sqp=-oaymwEbCKgBEF5IVfKriqkDDggBFQAAiEIYAXABwAEG&rs=AOn4CLAROas6xldgcT8AipSpSnA_TUBtJg","width":168,"height":94},{"url":"https://i.ytimg.com/vi/v0r-0-ZE2gk/hqdefault.jpg?sqp=-oaymwEbCMQBEG5IVfKriqkDDggBFQAAiEIYAXABwAEG&rs=AOn4CLBLILe87gxEVcWITMCdZygl0yF9vQ","width":196,"height":110},{"url":"https://i.ytimg.com/vi/v0r-0-ZE2gk/hqdefault.jpg?sqp=-oaymwEcCPYBEIoBSFXyq4qpAw4IARUAAIhCGAFwAcABBg==&rs=AOn4CLCqnLmMGpzmzrBd-ZZ2Y7JZHFcSyA","width":246,"height":138},{"url":"https://i.ytimg.com/vi/v0r-0-ZE2gk/mqdefault.jpg","width":320,"height":180},{"url":"https://i.ytimg.com/vi/v0r-0-ZE2gk/hqdefault.jpg?sqp=-oaymwEcCNACELwBSFXyq4qpAw4IARUAAIhCGAFwAcABBg==&rs=AOn4CLBj8MuE6BMdzk2B_h7vtkjDXuHEKg","width":336,"height":188},{"url":"https://i.ytimg.com/vi/v0r-0-ZE2gk/hqdefault.jpg","width":480,"height":360},{"url":"https://i.ytimg.com/vi/v0r-0-ZE2gk/sddefault.jpg","width":640,"height":480},{"url":"https://i.ytimg.com/vi/v0r-0-ZE2gk/maxresdefault.jpg","width":1920,"height":1080}]},"title":{"runs":[{"text":"1 Jam Lagu Santai Lo-fi Pop – Jika Ini Cinta Atau Hanya Kagum | Musik Tenang, Rindu & Kenangan"}],"accessibility":{"accessibilityData":{"label":"1 Jam Lagu Santai Lo-fi Pop – Jika Ini Cinta Atau Hanya Kagum | Musik Tenang, Rindu & Kenangan oleh Just Story 29 14 x ditonton 6 jam yang lalu 1 jam, 59 menit"}}},"shortBylineText":{"runs":[{"text":"Just Story 29","navigationEndpoint":{"clickTrackingParams":"CBgQvU4YAiITCLqDgqKxu48DFaF6nQkdOOI1mw==","commandMetadata":{"webCommandMetadata":{"url":"/@juststory29","webPageType":"WEB_PAGE_TYPE_CHANNEL","rootVe":3611,"apiUrl":"/youtubei/v1/browse"}},"browseEndpoint":{"browseId":"UC8SEKrA0etHZQ8xy8lf75Yw","canonicalBaseUrl":"/@juststory29"}}}]},"lengthText":{"runs":[{"text":"1.59.15"}],"accessibility":{"accessibilityData":{"label":"1 jam, 59 menit, 15 detik"}}},"lengthInSeconds":7155,"navigationEndpoint":{"clickTrackingParams":"CBgQvU4YAiITCLqDgqKxu48DFaF6nQkdOOI1mw==","commandMetadata":{"webCommandMetadata":{"url":"https://www.youtube.com/watch?v=v0r-0-ZE2gk&feature=endscreen","webPageType":"WEB_PAGE_TYPE_UNKNOWN","rootVe":83769}},"urlEndpoint":{"url":"https://www.youtube.com/watch?v=v0r-0-ZE2gk&feature=endscreen","target":"TARGET_NEW_WINDOW"}},"trackingParams":"CBgQvU4YAiITCLqDgqKxu48DFaF6nQkdOOI1mw==","shortViewCountText":{"runs":[{"text":"14 x ditonton"}],"accessibility":{"accessibilityData":{"label":"14 x ditonton"}}},"publishedTimeText":{"runs":[{"text":"6 jam yang lalu"}]},"thumbnailOverlays":[{"thumbnailOverlayTimeStatusRenderer":{"text":{"runs":[{"text":"1.59.15"}],"accessibility":{"accessibilityData":{"label":"1 jam, 59 menit, 15 detik"}}},"style":"DEFAULT"}}]}},{"endScreenVideoRenderer":{"videoId":"3fzzAs5kKIY","thumbnail":{"thumbnails":[{"url":"https://i.ytimg.com/vi/3fzzAs5kKIY/default.jpg?sqp=-oaymwEkCHgQWvKriqkDGvABAfgB_gmAAtAFigIMCAAQARhdIF0oXTAP&rs=AOn4CLC-wQa60K0oBs-wHe1MlUgT1kvODg","width":120,"height":90},{"url":"https://i.ytimg.com/vi/3fzzAs5kKIY/hqdefault.jpg?sqp=-oaymwE1CKgBEF5IVfKriqkDKAgBFQAAiEIYAXABwAEG8AEB-AH-CYAC0AWKAgwIABABGF0gXShdMA8=&rs=AOn4CLA73BvRJ6ek-_OgJvbViTQ9EKXdfQ","width":168,"height":94},{"url":"https://i.ytimg.com/vi/3fzzAs5kKIY/hqdefault.jpg?sqp=-oaymwE1CMQBEG5IVfKriqkDKAgBFQAAiEIYAXABwAEG8AEB-AH-CYAC0AWKAgwIABABGF0gXShdMA8=&rs=AOn4CLD_LFPmvNWFwUF1i1XZp3agvGYuPg","width":196,"height":110},{"url":"https://i.ytimg.com/vi/3fzzAs5kKIY/hqdefault.jpg?sqp=-oaymwE2CPYBEIoBSFXyq4qpAygIARUAAIhCGAFwAcABBvABAfgB_gmAAtAFigIMCAAQARhdIF0oXTAP&rs=AOn4CLBwOnvyLaG0aGnZ8ny15p7LmpteVA","width":246,"height":138},{"url":"https://i.ytimg.com/vi/3fzzAs5kKIY/mqdefault.jpg?sqp=-oaymwEmCMACELQB8quKqQMa8AEB-AH-CYAC0AWKAgwIABABGF0gXShdMA8=&rs=AOn4CLAvOMgSd09Hx75CI5VRqCS20T6-4w","width":320,"height":180},{"url":"https://i.ytimg.com/vi/3fzzAs5kKIY/hqdefault.jpg?sqp=-oaymwE2CNACELwBSFXyq4qpAygIARUAAIhCGAFwAcABBvABAfgB_gmAAtAFigIMCAAQARhdIF0oXTAP&rs=AOn4CLD44jxfBsRApLBgimppKokdiNfzbw","width":336,"height":188},{"url":"https://i.ytimg.com/vi/3fzzAs5kKIY/hqdefault.jpg?sqp=-oaymwEmCOADEOgC8quKqQMa8AEB-AH-CYAC0AWKAgwIABABGF0gXShdMA8=&rs=AOn4CLDgvPztb8qnqUnsSXxUTeXT55U8ow","width":480,"height":360},{"url":"https://i.ytimg.com/vi/3fzzAs5kKIY/sddefault.jpg?sqp=-oaymwEmCIAFEOAD8quKqQMa8AEB-AH-CYAC0AWKAgwIABABGF0gXShdMA8=&rs=AOn4CLCLVEt5h8C8oH70HtUSORlkur5mSw","width":640,"height":480},{"url":"https://i.ytimg.com/vi/3fzzAs5kKIY/maxresdefault.jpg?sqp=-oaymwEmCIAKENAF8quKqQMa8AEB-AH-CYAC0AWKAgwIABABGF0gXShdMA8=&rs=AOn4CLBPEk0_ltGDO3w-2GTsSwcm2oKIrA","width":1920,"height":1080}]},"title":{"runs":[{"text":"Top Hits Spotify Indonesia 2025 | Top Spotify Indonesia 2025 | Lagu Hits Spotify 2025 | Lagu Terbaru"}],"accessibility":{"accessibilityData":{"label":"Top Hits Spotify Indonesia 2025 | Top Spotify Indonesia 2025 | Lagu Hits Spotify 2025 | Lagu Terbaru oleh Gaming Sigrid 422.791 x ditonton 7 hari yang lalu 1 jam, 22 menit"}}},"shortBylineText":{"runs":[{"text":"Gaming Sigrid","navigationEndpoint":{"clickTrackingParams":"CBcQvU4YAyITCLqDgqKxu48DFaF6nQkdOOI1mw==","commandMetadata":{"webCommandMetadata":{"url":"/@gaming_sigrid","webPageType":"WEB_PAGE_TYPE_CHANNEL","rootVe":3611,"apiUrl":"/youtubei/v1/browse"}},"browseEndpoint":{"browseId":"UCNHyo_y45eCRGTDpTop7Mlg","canonicalBaseUrl":"/@gaming_sigrid"}}}]},"lengthText":{"runs":[{"text":"1.22.00"}],"accessibility":{"accessibilityData":{"label":"1 jam, 22 menit"}}},"lengthInSeconds":4920,"navigationEndpoint":{"clickTrackingParams":"CBcQvU4YAyITCLqDgqKxu48DFaF6nQkdOOI1mw==","commandMetadata":{"webCommandMetadata":{"url":"https://www.youtube.com/watch?v=3fzzAs5kKIY&feature=endscreen","webPageType":"WEB_PAGE_TYPE_UNKNOWN","rootVe":83769}},"urlEndpoint":{"url":"https://www.youtube.com/watch?v=3fzzAs5kKIY&feature=endscreen","target":"TARGET_NEW_WINDOW"}},"trackingParams":"CBcQvU4YAyITCLqDgqKxu48DFaF6nQkdOOI1mw==","shortViewCountText":{"runs":[{"text":"422 rb x ditonton"}],"accessibility":{"accessibilityData":{"label":"422 ribu x ditonton"}}},"publishedTimeText":{"runs":[{"text":"7 hari yang lalu"}]},"thumbnailOverlays":[{"thumbnailOverlayTimeStatusRenderer":{"text":{"runs":[{"text":"1.22.00"}],"accessibility":{"accessibilityData":{"label":"1 jam, 22 menit"}}},"style":"DEFAULT"}}]}},{"endScreenPlaylistRenderer":{"playlistId":"RDKzEbqoP9cNs","title":{"runs":[{"text":"Mix - Lyodra - Pesan Terakhir (Lirik/Lyrics)"}]},"thumbnail":{"thumbnails":[{"url":"https://i.ytimg.com/vi/KzEbqoP9cNs/default.jpg?sqp=-oaymwEkCHgQWvKriqkDGvABAfgB_gmAAtAFigIMCAAQARhlIEEoQTAP&rs=AOn4CLACo1TLCIi5tVSUTD_Va_TQmB3WIg","width":120,"height":90},{"url":"https://i.ytimg.com/vi/KzEbqoP9cNs/hqdefault.jpg?sqp=-oaymwEwCKgBEF5IWvKriqkDIwgBFQAAiEIYAfABAfgB_gmAAtAFigIMCAAQARhlIEEoQTAP&rs=AOn4CLBquCgTZb0agahen5cdQrE81xr98Q","width":168,"height":94},{"url":"https://i.ytimg.com/vi/KzEbqoP9cNs/hqdefault.jpg?sqp=-oaymwEwCMQBEG5IWvKriqkDIwgBFQAAiEIYAfABAfgB_gmAAtAFigIMCAAQARhlIEEoQTAP&rs=AOn4CLA0GXIETSrqcJYasNpYBFGryQ6qog","width":196,"height":110},{"url":"https://i.ytimg.com/vi/KzEbqoP9cNs/hqdefault.jpg?sqp=-oaymwExCPYBEIoBSFryq4qpAyMIARUAAIhCGAHwAQH4Af4JgALQBYoCDAgAEAEYZSBBKEEwDw==&rs=AOn4CLBUQW4SunaEos1XAwRPRkNIW3xOwg","width":246,"height":138},{"url":"https://i.ytimg.com/vi/KzEbqoP9cNs/mqdefault.jpg?sqp=-oaymwEmCMACELQB8quKqQMa8AEB-AH-CYAC0AWKAgwIABABGGUgQShBMA8=&rs=AOn4CLCX7UIn68VxYYPxHd-QtMEY1TdETQ","width":320,"height":180},{"url":"https://i.ytimg.com/vi/KzEbqoP9cNs/hqdefault.jpg?sqp=-oaymwExCNACELwBSFryq4qpAyMIARUAAIhCGAHwAQH4Af4JgALQBYoCDAgAEAEYZSBBKEEwDw==&rs=AOn4CLBSXfeYurnpAHjb7bjRpPiPPCc9Ug","width":336,"height":188},{"url":"https://i.ytimg.com/vi/KzEbqoP9cNs/hqdefault.jpg?sqp=-oaymwEmCOADEOgC8quKqQMa8AEB-AH-CYAC0AWKAgwIABABGGUgQShBMA8=&rs=AOn4CLDaSu1Pba5ZU5M3NmfY6AY0RNMmXA","width":480,"height":360}]},"longBylineText":{"runs":[{"text":"YouTube"}]},"videoCountText":{"runs":[{"text":"50+ video"}]},"navigationEndpoint":{"clickTrackingParams":"CBYQvk4YBCITCLqDgqKxu48DFaF6nQkdOOI1mw==","commandMetadata":{"webCommandMetadata":{"url":"http://www.youtube.com/watch?v=D-VytLhH-KE&feature=endscreen&list=RDKzEbqoP9cNs","webPageType":"WEB_PAGE_TYPE_UNKNOWN","rootVe":83769}},"urlEndpoint":{"url":"http://www.youtube.com/watch?v=D-VytLhH-KE&feature=endscreen&list=RDKzEbqoP9cNs"}},"trackingParams":"CBYQvk4YBCITCLqDgqKxu48DFaF6nQkdOOI1mw=="}},{"endScreenVideoRenderer":{"videoId":"Zza7zF6eJGA","thumbnail":{"thumbnails":[{"url":"https://i.ytimg.com/vi/Zza7zF6eJGA/default.jpg","width":120,"height":90},{"url":"https://i.ytimg.com/vi/Zza7zF6eJGA/hqdefault.jpg?sqp=-oaymwEbCKgBEF5IVfKriqkDDggBFQAAiEIYAXABwAEG&rs=AOn4CLA55RuJ3zOgEQLPTqzcUPpv4rTdXA","width":168,"height":94},{"url":"https://i.ytimg.com/vi/Zza7zF6eJGA/hqdefault.jpg?sqp=-oaymwEbCMQBEG5IVfKriqkDDggBFQAAiEIYAXABwAEG&rs=AOn4CLDSbI3Y2-qzxwe17TuKbjUcPauu-Q","width":196,"height":110},{"url":"https://i.ytimg.com/vi/Zza7zF6eJGA/hqdefault.jpg?sqp=-oaymwEcCPYBEIoBSFXyq4qpAw4IARUAAIhCGAFwAcABBg==&rs=AOn4CLDlMyKDPpsWQmiHkSEdqJWicxp7Pg","width":246,"height":138},{"url":"https://i.ytimg.com/vi/Zza7zF6eJGA/mqdefault.jpg","width":320,"height":180},{"url":"https://i.ytimg.com/vi/Zza7zF6eJGA/hqdefault.jpg?sqp=-oaymwEcCNACELwBSFXyq4qpAw4IARUAAIhCGAFwAcABBg==&rs=AOn4CLAsqN3EHumnbXe8geEOZO4rZe-gDQ","width":336,"height":188},{"url":"https://i.ytimg.com/vi/Zza7zF6eJGA/hqdefault.jpg","width":480,"height":360},{"url":"https://i.ytimg.com/vi/Zza7zF6eJGA/sddefault.jpg","width":640,"height":480}]},"title":{"runs":[{"text":"Top Hits Spotify Indonesia 2025 | Top Spotify Indonesia 2025 | Lagu Hits Spotify 2025 | Lagu Baru "}],"accessibility":{"accessibilityData":{"label":"Top Hits Spotify Indonesia 2025 | Top Spotify Indonesia 2025 | Lagu Hits Spotify 2025 | Lagu Baru  oleh Alesha Zaina 6.458 x ditonton 4 hari yang lalu 1 jam, 26 menit"}}},"shortBylineText":{"runs":[{"text":"Alesha Zaina","navigationEndpoint":{"clickTrackingParams":"CBUQvU4YBSITCLqDgqKxu48DFaF6nQkdOOI1mw==","commandMetadata":{"webCommandMetadata":{"url":"/@AleshaZaina22","webPageType":"WEB_PAGE_TYPE_CHANNEL","rootVe":3611,"apiUrl":"/youtubei/v1/browse"}},"browseEndpoint":{"browseId":"UCFqlt7FUtTS4zDY0JWgpYcg","canonicalBaseUrl":"/@AleshaZaina22"}}}]},"lengthText":{"runs":[{"text":"1.26.22"}],"accessibility":{"accessibilityData":{"label":"1 jam, 26 menit, 22 detik"}}},"lengthInSeconds":5182,"navigationEndpoint":{"clickTrackingParams":"CBUQvU4YBSITCLqDgqKxu48DFaF6nQkdOOI1mw==","commandMetadata":{"webCommandMetadata":{"url":"https://www.youtube.com/watch?v=Zza7zF6eJGA&feature=endscreen","webPageType":"WEB_PAGE_TYPE_UNKNOWN","rootVe":83769}},"urlEndpoint":{"url":"https://www.youtube.com/watch?v=Zza7zF6eJGA&feature=endscreen","target":"TARGET_NEW_WINDOW"}},"trackingParams":"CBUQvU4YBSITCLqDgqKxu48DFaF6nQkdOOI1mw==","shortViewCountText":{"runs":[{"text":"6,4 rb x ditonton"}],"accessibility":{"accessibilityData":{"label":"6,4 ribu x ditonton"}}},"publishedTimeText":{"runs":[{"text":"4 hari yang lalu"}]},"thumbnailOverlays":[{"thumbnailOverlayTimeStatusRenderer":{"text":{"runs":[{"text":"1.26.22"}],"accessibility":{"accessibilityData":{"label":"1 jam, 26 menit, 22 detik"}}},"style":"DEFAULT"}}]}},{"endScreenVideoRenderer":{"videoId":"V--eoYym7Ec","thumbnail":{"thumbnails":[{"url":"https://i.ytimg.com/vi/V--eoYym7Ec/default.jpg?sqp=-oaymwEkCHgQWvKriqkDGvABAfgBrgiAAtAFigIMCAAQARhSIE4oZTAP&rs=AOn4CLDdtHVNAK5b81B1Wrj7vjWE5tJDOg","width":120,"height":90},{"url":"https://i.ytimg.com/vi/V--eoYym7Ec/hqdefault.jpg?sqp=-oaymwE1CKgBEF5IVfKriqkDKAgBFQAAiEIYAXABwAEG8AEB-AGuCIAC0AWKAgwIABABGFIgTihlMA8=&rs=AOn4CLCw0XhNzQKgyo2eAGsfi7hb01PzAQ","width":168,"height":94},{"url":"https://i.ytimg.com/vi/V--eoYym7Ec/hqdefault.jpg?sqp=-oaymwE1CMQBEG5IVfKriqkDKAgBFQAAiEIYAXABwAEG8AEB-AGuCIAC0AWKAgwIABABGFIgTihlMA8=&rs=AOn4CLCgSfzqm6KzJgxz_ajyikYxUOUr_g","width":196,"height":110},{"url":"https://i.ytimg.com/vi/V--eoYym7Ec/hqdefault.jpg?sqp=-oaymwE2CPYBEIoBSFXyq4qpAygIARUAAIhCGAFwAcABBvABAfgBrgiAAtAFigIMCAAQARhSIE4oZTAP&rs=AOn4CLA7ViWR2iepmPY5zUNLK8v2-FebdQ","width":246,"height":138},{"url":"https://i.ytimg.com/vi/V--eoYym7Ec/mqdefault.jpg?sqp=-oaymwEmCMACELQB8quKqQMa8AEB-AGuCIAC0AWKAgwIABABGFIgTihlMA8=&rs=AOn4CLAOX8Bb0PPawpWxRU1QqdsBYb3Nqg","width":320,"height":180},{"url":"https://i.ytimg.com/vi/V--eoYym7Ec/hqdefault.jpg?sqp=-oaymwE2CNACELwBSFXyq4qpAygIARUAAIhCGAFwAcABBvABAfgBrgiAAtAFigIMCAAQARhSIE4oZTAP&rs=AOn4CLD2M0NQCbP5Q2oME7zM7_u_DpKM_Q","width":336,"height":188},{"url":"https://i.ytimg.com/vi/V--eoYym7Ec/hqdefault.jpg?sqp=-oaymwEmCOADEOgC8quKqQMa8AEB-AGuCIAC0AWKAgwIABABGFIgTihlMA8=&rs=AOn4CLC50WW80hs8Btr4C3g0cwvKsD20oQ","width":480,"height":360},{"url":"https://i.ytimg.com/vi/V--eoYym7Ec/sddefault.jpg?sqp=-oaymwEmCIAFEOAD8quKqQMa8AEB-AGuCIAC0AWKAgwIABABGFIgTihlMA8=&rs=AOn4CLClhK3xVrh2UIvFdUbIZ9fESKquoA","width":640,"height":480},{"url":"https://i.ytimg.com/vi/V--eoYym7Ec/maxresdefault.jpg?sqp=-oaymwEmCIAKENAF8quKqQMa8AEB-AGuCIAC0AWKAgwIABABGFIgTihlMA8=&rs=AOn4CLCvtTNfKg-fY043MlJ0t26qo5FTtA","width":1920,"height":1080}]},"title":{"runs":[{"text":"FEBY PUTRI ALBUM"}],"accessibility":{"accessibilityData":{"label":"FEBY PUTRI ALBUM oleh Notif Music 4.258.838 x ditonton 1 tahun yang lalu 20 menit"}}},"shortBylineText":{"runs":[{"text":"Notif Music","navigationEndpoint":{"clickTrackingParams":"CBQQvU4YBiITCLqDgqKxu48DFaF6nQkdOOI1mw==","commandMetadata":{"webCommandMetadata":{"url":"/@notifmusic4730","webPageType":"WEB_PAGE_TYPE_CHANNEL","rootVe":3611,"apiUrl":"/youtubei/v1/browse"}},"browseEndpoint":{"browseId":"UCx8yotPGo5OPo8toruGZsoA","canonicalBaseUrl":"/@notifmusic4730"}}}]},"lengthText":{"runs":[{"text":"20.41"}],"accessibility":{"accessibilityData":{"label":"20 menit, 41 detik"}}},"lengthInSeconds":1241,"navigationEndpoint":{"clickTrackingParams":"CBQQvU4YBiITCLqDgqKxu48DFaF6nQkdOOI1mw==","commandMetadata":{"webCommandMetadata":{"url":"https://www.youtube.com/watch?v=V--eoYym7Ec&feature=endscreen","webPageType":"WEB_PAGE_TYPE_UNKNOWN","rootVe":83769}},"urlEndpoint":{"url":"https://www.youtube.com/watch?v=V--eoYym7Ec&feature=endscreen","target":"TARGET_NEW_WINDOW"}},"trackingParams":"CBQQvU4YBiITCLqDgqKxu48DFaF6nQkdOOI1mw==","shortViewCountText":{"runs":[{"text":"4,2 jt x ditonton"}],"accessibility":{"accessibilityData":{"label":"4,2 juta x ditonton"}}},"publishedTimeText":{"runs":[{"text":"1 tahun yang lalu"}]},"thumbnailOverlays":[{"thumbnailOverlayTimeStatusRenderer":{"text":{"runs":[{"text":"20.41"}],"accessibility":{"accessibilityData":{"label":"20 menit, 41 detik"}}},"style":"DEFAULT"}}]}},{"endScreenVideoRenderer":{"videoId":"LHjCmZ67l4U","thumbnail":{"thumbnails":[{"url":"https://i.ytimg.com/vi_webp/LHjCmZ67l4U/default.webp","width":120,"height":90},{"url":"https://i.ytimg.com/vi/LHjCmZ67l4U/hqdefault.jpg?sqp=-oaymwEbCKgBEF5IVfKriqkDDggBFQAAiEIYAXABwAEG&rs=AOn4CLCYC8rvJAw77YUXet7VypaeYTpGkA","width":168,"height":94},{"url":"https://i.ytimg.com/vi/LHjCmZ67l4U/hqdefault.jpg?sqp=-oaymwEbCMQBEG5IVfKriqkDDggBFQAAiEIYAXABwAEG&rs=AOn4CLChxNLsdfV58ED-YOGTHF6QV94Jyg","width":196,"height":110},{"url":"https://i.ytimg.com/vi/LHjCmZ67l4U/hqdefault.jpg?sqp=-oaymwEcCPYBEIoBSFXyq4qpAw4IARUAAIhCGAFwAcABBg==&rs=AOn4CLDDkBHYswxlyBPqTcOBhB9Bd-cB_Q","width":246,"height":138},{"url":"https://i.ytimg.com/vi_webp/LHjCmZ67l4U/mqdefault.webp","width":320,"height":180},{"url":"https://i.ytimg.com/vi/LHjCmZ67l4U/hqdefault.jpg?sqp=-oaymwEcCNACELwBSFXyq4qpAw4IARUAAIhCGAFwAcABBg==&rs=AOn4CLBEU6JBeFYvguuj0cxwffKZKA0_xg","width":336,"height":188},{"url":"https://i.ytimg.com/vi_webp/LHjCmZ67l4U/hqdefault.webp","width":480,"height":360},{"url":"https://i.ytimg.com/vi_webp/LHjCmZ67l4U/sddefault.webp","width":640,"height":480},{"url":"https://i.ytimg.com/vi_webp/LHjCmZ67l4U/maxresdefault.webp","width":1920,"height":1080}]},"title":{"runs":[{"text":"Radja - Yakin (Official Music Video)"}],"accessibility":{"accessibilityData":{"label":"Radja - Yakin (Official Music Video) oleh GP Records 31.516.635 x ditonton 12 tahun yang lalu 5 menit, 21 detik"}}},"shortBylineText":{"runs":[{"text":"GP Records","navigationEndpoint":{"clickTrackingParams":"CBMQvU4YByITCLqDgqKxu48DFaF6nQkdOOI1mw==","commandMetadata":{"webCommandMetadata":{"url":"/@GPRecords","webPageType":"WEB_PAGE_TYPE_CHANNEL","rootVe":3611,"apiUrl":"/youtubei/v1/browse"}},"browseEndpoint":{"browseId":"UC-_27bO3xlwJrnq5TvRnd6Q","canonicalBaseUrl":"/@GPRecords"}}}]},"lengthText":{"runs":[{"text":"5.21"}],"accessibility":{"accessibilityData":{"label":"5 menit, 21 detik"}}},"lengthInSeconds":321,"navigationEndpoint":{"clickTrackingParams":"CBMQvU4YByITCLqDgqKxu48DFaF6nQkdOOI1mw==","commandMetadata":{"webCommandMetadata":{"url":"https://www.youtube.com/watch?v=LHjCmZ67l4U&feature=endscreen","webPageType":"WEB_PAGE_TYPE_UNKNOWN","rootVe":83769}},"urlEndpoint":{"url":"https://www.youtube.com/watch?v=LHjCmZ67l4U&feature=endscreen","target":"TARGET_NEW_WINDOW"}},"trackingParams":"CBMQvU4YByITCLqDgqKxu48DFaF6nQkdOOI1mw==","shortViewCountText":{"runs":[{"text":"31 jt x ditonton"}],"accessibility":{"accessibilityData":{"label":"31 juta x ditonton"}}},"publishedTimeText":{"runs":[{"text":"12 tahun yang lalu"}]},"thumbnailOverlays":[{"thumbnailOverlayTimeStatusRenderer":{"text":{"runs":[{"text":"5.21"}],"accessibility":{"accessibilityData":{"label":"5 menit, 21 detik"}}},"style":"DEFAULT"}}]}},{"endScreenVideoRenderer":{"videoId":"-Y0HzRkuyOo","thumbnail":{"thumbnails":[{"url":"https://i.ytimg.com/vi_webp/-Y0HzRkuyOo/default.webp","width":120,"height":90},{"url":"https://i.ytimg.com/vi/-Y0HzRkuyOo/hqdefault.jpg?sqp=-oaymwEbCKgBEF5IVfKriqkDDggBFQAAiEIYAXABwAEG&rs=AOn4CLDfM1Qepn0EO6Yz0tN1KhBl886FhA","width":168,"height":94},{"url":"https://i.ytimg.com/vi/-Y0HzRkuyOo/hqdefault.jpg?sqp=-oaymwEbCMQBEG5IVfKriqkDDggBFQAAiEIYAXABwAEG&rs=AOn4CLDrrKYJFNlzFsbbE6aOtEPYQd8J-g","width":196,"height":110},{"url":"https://i.ytimg.com/vi/-Y0HzRkuyOo/hqdefault.jpg?sqp=-oaymwEcCPYBEIoBSFXyq4qpAw4IARUAAIhCGAFwAcABBg==&rs=AOn4CLCvjaliw34zb5fQXP72FlKofD_VxA","width":246,"height":138},{"url":"https://i.ytimg.com/vi_webp/-Y0HzRkuyOo/mqdefault.webp","width":320,"height":180},{"url":"https://i.ytimg.com/vi/-Y0HzRkuyOo/hqdefault.jpg?sqp=-oaymwEcCNACELwBSFXyq4qpAw4IARUAAIhCGAFwAcABBg==&rs=AOn4CLCEsSHOcoquV7zZLZ_EtEQ_N3OaEA","width":336,"height":188},{"url":"https://i.ytimg.com/vi_webp/-Y0HzRkuyOo/hqdefault.webp","width":480,"height":360},{"url":"https://i.ytimg.com/vi_webp/-Y0HzRkuyOo/sddefault.webp","width":640,"height":480},{"url":"https://i.ytimg.com/vi_webp/-Y0HzRkuyOo/maxresdefault.webp","width":1920,"height":1080}]},"title":{"runs":[{"text":"Perahu Kertas, Penjaga Hati, Tak Lagi Sama (Lirik) - Tulus, Nadhif Basalamah, Ahmad"}],"accessibility":{"accessibilityData":{"label":"Perahu Kertas, Penjaga Hati, Tak Lagi Sama (Lirik) - Tulus, Nadhif Basalamah, Ahmad oleh Seteduh Hati 4.113.229 x ditonton 1 tahun yang lalu 17 menit"}}},"shortBylineText":{"runs":[{"text":"Seteduh Hati","navigationEndpoint":{"clickTrackingParams":"CBIQvU4YCCITCLqDgqKxu48DFaF6nQkdOOI1mw==","commandMetadata":{"webCommandMetadata":{"url":"/@SeteduhHati","webPageType":"WEB_PAGE_TYPE_CHANNEL","rootVe":3611,"apiUrl":"/youtubei/v1/browse"}},"browseEndpoint":{"browseId":"UCOVQ906sS3bHvvYpDQC-g4A","canonicalBaseUrl":"/@SeteduhHati"}}}]},"lengthText":{"runs":[{"text":"17.16"}],"accessibility":{"accessibilityData":{"label":"17 menit, 16 detik"}}},"lengthInSeconds":1036,"navigationEndpoint":{"clickTrackingParams":"CBIQvU4YCCITCLqDgqKxu48DFaF6nQkdOOI1mw==","commandMetadata":{"webCommandMetadata":{"url":"https://www.youtube.com/watch?v=-Y0HzRkuyOo&feature=endscreen","webPageType":"WEB_PAGE_TYPE_UNKNOWN","rootVe":83769}},"urlEndpoint":{"url":"https://www.youtube.com/watch?v=-Y0HzRkuyOo&feature=endscreen","target":"TARGET_NEW_WINDOW"}},"trackingParams":"CBIQvU4YCCITCLqDgqKxu48DFaF6nQkdOOI1mw==","shortViewCountText":{"runs":[{"text":"4,1 jt x ditonton"}],"accessibility":{"accessibilityData":{"label":"4,1 juta x ditonton"}}},"publishedTimeText":{"runs":[{"text":"1 tahun yang lalu"}]},"thumbnailOverlays":[{"thumbnailOverlayTimeStatusRenderer":{"text":{"runs":[{"text":"17.16"}],"accessibility":{"accessibilityData":{"label":"17 menit, 16 detik"}}},"style":"DEFAULT"}}]}},{"endScreenVideoRenderer":{"videoId":"XYS_vfDgklg","thumbnail":{"thumbnails":[{"url":"https://i.ytimg.com/vi/XYS_vfDgklg/default.jpg","width":120,"height":90},{"url":"https://i.ytimg.com/vi/XYS_vfDgklg/hqdefault.jpg?sqp=-oaymwEbCKgBEF5IVfKriqkDDggBFQAAiEIYAXABwAEG&rs=AOn4CLC-198NDilekBHGU_Azr2nP1F7qNQ","width":168,"height":94},{"url":"https://i.ytimg.com/vi/XYS_vfDgklg/hqdefault.jpg?sqp=-oaymwEbCMQBEG5IVfKriqkDDggBFQAAiEIYAXABwAEG&rs=AOn4CLAZCxlD6apJhkRh8u3a4drFqZOTRA","width":196,"height":110},{"url":"https://i.ytimg.com/vi/XYS_vfDgklg/hqdefault.jpg?sqp=-oaymwEcCPYBEIoBSFXyq4qpAw4IARUAAIhCGAFwAcABBg==&rs=AOn4CLCdcON6S7rWcTPzIH6dIxVpRCYI9A","width":246,"height":138},{"url":"https://i.ytimg.com/vi/XYS_vfDgklg/mqdefault.jpg","width":320,"height":180},{"url":"https://i.ytimg.com/vi/XYS_vfDgklg/hqdefault.jpg?sqp=-oaymwEcCNACELwBSFXyq4qpAw4IARUAAIhCGAFwAcABBg==&rs=AOn4CLCMiP_IWx0sMXhiZ8IE4IwZOOY5Yg","width":336,"height":188},{"url":"https://i.ytimg.com/vi/XYS_vfDgklg/hqdefault.jpg","width":480,"height":360},{"url":"https://i.ytimg.com/vi/XYS_vfDgklg/sddefault.jpg","width":640,"height":480},{"url":"https://i.ytimg.com/vi/XYS_vfDgklg/maxresdefault.jpg","width":1920,"height":1080}]},"title":{"runs":[{"text":"ST12 HITS 2024"}],"accessibility":{"accessibilityData":{"label":"ST12 HITS 2024 oleh Ruang Senandung 151.940 x ditonton 8 bulan yang lalu 29 menit"}}},"shortBylineText":{"runs":[{"text":"Ruang Senandung","navigationEndpoint":{"clickTrackingParams":"CBEQvU4YCSITCLqDgqKxu48DFaF6nQkdOOI1mw==","commandMetadata":{"webCommandMetadata":{"url":"/@RuangSenandung-indo","webPageType":"WEB_PAGE_TYPE_CHANNEL","rootVe":3611,"apiUrl":"/youtubei/v1/browse"}},"browseEndpoint":{"browseId":"UCnoCxxe1hPJ_Zgm55m3Mxqg","canonicalBaseUrl":"/@RuangSenandung-indo"}}}]},"lengthText":{"runs":[{"text":"29.08"}],"accessibility":{"accessibilityData":{"label":"29 menit, 8 detik"}}},"lengthInSeconds":1748,"navigationEndpoint":{"clickTrackingParams":"CBEQvU4YCSITCLqDgqKxu48DFaF6nQkdOOI1mw==","commandMetadata":{"webCommandMetadata":{"url":"https://www.youtube.com/watch?v=XYS_vfDgklg&feature=endscreen","webPageType":"WEB_PAGE_TYPE_UNKNOWN","rootVe":83769}},"urlEndpoint":{"url":"https://www.youtube.com/watch?v=XYS_vfDgklg&feature=endscreen","target":"TARGET_NEW_WINDOW"}},"trackingParams":"CBEQvU4YCSITCLqDgqKxu48DFaF6nQkdOOI1mw==","shortViewCountText":{"runs":[{"text":"151 rb x ditonton"}],"accessibility":{"accessibilityData":{"label":"151 ribu x ditonton"}}},"publishedTimeText":{"runs":[{"text":"8 bulan yang lalu"}]},"thumbnailOverlays":[{"thumbnailOverlayTimeStatusRenderer":{"text":{"runs":[{"text":"29.08"}],"accessibility":{"accessibilityData":{"label":"29 menit, 8 detik"}}},"style":"DEFAULT"}}]}},{"endScreenVideoRenderer":{"videoId":"TqhuXP3sWnY","thumbnail":{"thumbnails":[{"url":"https://i.ytimg.com/vi/TqhuXP3sWnY/default.jpg","width":120,"height":90},{"url":"https://i.ytimg.com/vi/TqhuXP3sWnY/hqdefault.jpg?sqp=-oaymwEbCKgBEF5IVfKriqkDDggBFQAAiEIYAXABwAEG&rs=AOn4CLDZTm8IEv5leyFeGhA3t15Y3k35pA","width":168,"height":94},{"url":"https://i.ytimg.com/vi/TqhuXP3sWnY/hqdefault.jpg?sqp=-oaymwEbCMQBEG5IVfKriqkDDggBFQAAiEIYAXABwAEG&rs=AOn4CLCllO-QTgYv_AJ7S5mSGZH_GAsXjQ","width":196,"height":110},{"url":"https://i.ytimg.com/vi/TqhuXP3sWnY/hqdefault.jpg?sqp=-oaymwEcCPYBEIoBSFXyq4qpAw4IARUAAIhCGAFwAcABBg==&rs=AOn4CLBxVrYkQAJMHVxOXUz_x2eAagFHiQ","width":246,"height":138},{"url":"https://i.ytimg.com/vi/TqhuXP3sWnY/mqdefault.jpg","width":320,"height":180},{"url":"https://i.ytimg.com/vi/TqhuXP3sWnY/hqdefault.jpg?sqp=-oaymwEcCNACELwBSFXyq4qpAw4IARUAAIhCGAFwAcABBg==&rs=AOn4CLCyku0nH6864TYjSY7Jp9IcVi2Lfw","width":336,"height":188},{"url":"https://i.ytimg.com/vi/TqhuXP3sWnY/hqdefault.jpg","width":480,"height":360},{"url":"https://i.ytimg.com/vi/TqhuXP3sWnY/sddefault.jpg","width":640,"height":480},{"url":"https://i.ytimg.com/vi/TqhuXP3sWnY/maxresdefault.jpg","width":1920,"height":1080}]},"title":{"runs":[{"text":"Sheila On 7 Lirik (Full Album) ~ Koleksi Terbaik Sheila On 7 ~ Lagu Pop 2000an Indonesia Terbaik"}],"accessibility":{"accessibilityData":{"label":"Sheila On 7 Lirik (Full Album) ~ Koleksi Terbaik Sheila On 7 ~ Lagu Pop 2000an Indonesia Terbaik oleh Dewa Musik 1.159.511 x ditonton 1 tahun yang lalu 1 jam, 21 menit"}}},"shortBylineText":{"runs":[{"text":"Dewa Musik","navigationEndpoint":{"clickTrackingParams":"CBAQvU4YCiITCLqDgqKxu48DFaF6nQkdOOI1mw==","commandMetadata":{"webCommandMetadata":{"url":"/@DewaMusik-vu9nr","webPageType":"WEB_PAGE_TYPE_CHANNEL","rootVe":3611,"apiUrl":"/youtubei/v1/browse"}},"browseEndpoint":{"browseId":"UC-YWtu43FlK4iEhIp1l-zUg","canonicalBaseUrl":"/@DewaMusik-vu9nr"}}}]},"lengthText":{"runs":[{"text":"1.21.36"}],"accessibility":{"accessibilityData":{"label":"1 jam, 21 menit, 36 detik"}}},"lengthInSeconds":4896,"navigationEndpoint":{"clickTrackingParams":"CBAQvU4YCiITCLqDgqKxu48DFaF6nQkdOOI1mw==","commandMetadata":{"webCommandMetadata":{"url":"https://www.youtube.com/watch?v=TqhuXP3sWnY&feature=endscreen","webPageType":"WEB_PAGE_TYPE_UNKNOWN","rootVe":83769}},"urlEndpoint":{"url":"https://www.youtube.com/watch?v=TqhuXP3sWnY&feature=endscreen","target":"TARGET_NEW_WINDOW"}},"trackingParams":"CBAQvU4YCiITCLqDgqKxu48DFaF6nQkdOOI1mw==","shortViewCountText":{"runs":[{"text":"1,1 jt x ditonton"}],"accessibility":{"accessibilityData":{"label":"1,1 juta x ditonton"}}},"publishedTimeText":{"runs":[{"text":"1 tahun yang lalu"}]},"thumbnailOverlays":[{"thumbnailOverlayTimeStatusRenderer":{"text":{"runs":[{"text":"1.21.36"}],"accessibility":{"accessibilityData":{"label":"1 jam, 21 menit, 36 detik"}}},"style":"DEFAULT"}}]}},{"endScreenVideoRenderer":{"videoId":"FeZEYrSJink","thumbnail":{"thumbnails":[{"url":"https://i.ytimg.com/vi/FeZEYrSJink/default.jpg","width":120,"height":90},{"url":"https://i.ytimg.com/vi/FeZEYrSJink/hqdefault.jpg?sqp=-oaymwEbCKgBEF5IVfKriqkDDggBFQAAiEIYAXABwAEG&rs=AOn4CLA-SLm_zHbQFlT4B01w6Ny6z2nWPA","width":168,"height":94},{"url":"https://i.ytimg.com/vi/FeZEYrSJink/hqdefault.jpg?sqp=-oaymwEbCMQBEG5IVfKriqkDDggBFQAAiEIYAXABwAEG&rs=AOn4CLAeBIip7mK-xsZqJV1xVP4nHZakxg","width":196,"height":110},{"url":"https://i.ytimg.com/vi/FeZEYrSJink/hqdefault.jpg?sqp=-oaymwEcCPYBEIoBSFXyq4qpAw4IARUAAIhCGAFwAcABBg==&rs=AOn4CLAcj_1QyNy_yOHCqLrruxjpZ6hPkA","width":246,"height":138},{"url":"https://i.ytimg.com/vi/FeZEYrSJink/mqdefault.jpg","width":320,"height":180},{"url":"https://i.ytimg.com/vi/FeZEYrSJink/hqdefault.jpg?sqp=-oaymwEcCNACELwBSFXyq4qpAw4IARUAAIhCGAFwAcABBg==&rs=AOn4CLCe6GvGlrVTgQr40WICddOmFQ-axA","width":336,"height":188},{"url":"https://i.ytimg.com/vi/FeZEYrSJink/hqdefault.jpg","width":480,"height":360},{"url":"https://i.ytimg.com/vi/FeZEYrSJink/sddefault.jpg","width":640,"height":480},{"url":"https://i.ytimg.com/vi/FeZEYrSJink/maxresdefault.jpg","width":1920,"height":1080}]},"title":{"runs":[{"text":"Wali - Orang Bilang (Official Video Lyrics) #lirik"}],"accessibility":{"accessibilityData":{"label":"Wali - Orang Bilang (Official Video Lyrics) #lirik oleh NAGASWARA TV Official 8.935.404 x ditonton 4 tahun yang lalu 4 menit, 41 detik"}}},"shortBylineText":{"runs":[{"text":"NAGASWARA TV Official","navigationEndpoint":{"clickTrackingParams":"CA8QvU4YCyITCLqDgqKxu48DFaF6nQkdOOI1mw==","commandMetadata":{"webCommandMetadata":{"url":"/@nagaswaratv","webPageType":"WEB_PAGE_TYPE_CHANNEL","rootVe":3611,"apiUrl":"/youtubei/v1/browse"}},"browseEndpoint":{"browseId":"UCuBCaQe-17deJk3ne78TQ6g","canonicalBaseUrl":"/@nagaswaratv"}}}]},"lengthText":{"runs":[{"text":"4.41"}],"accessibility":{"accessibilityData":{"label":"4 menit, 41 detik"}}},"lengthInSeconds":281,"navigationEndpoint":{"clickTrackingParams":"CA8QvU4YCyITCLqDgqKxu48DFaF6nQkdOOI1mw==","commandMetadata":{"webCommandMetadata":{"url":"https://www.youtube.com/watch?v=FeZEYrSJink&feature=endscreen","webPageType":"WEB_PAGE_TYPE_UNKNOWN","rootVe":83769}},"urlEndpoint":{"url":"https://www.youtube.com/watch?v=FeZEYrSJink&feature=endscreen","target":"TARGET_NEW_WINDOW"}},"trackingParams":"CA8QvU4YCyITCLqDgqKxu48DFaF6nQkdOOI1mw==","shortViewCountText":{"runs":[{"text":"8,9 jt x ditonton"}],"accessibility":{"accessibilityData":{"label":"8,9 juta x ditonton"}}},"publishedTimeText":{"runs":[{"text":"4 tahun yang lalu"}]},"thumbnailOverlays":[{"thumbnailOverlayTimeStatusRenderer":{"text":{"runs":[{"text":"4.41"}],"accessibility":{"accessibilityData":{"label":"4 menit, 41 detik"}}},"style":"DEFAULT"}}]}}],"title":{"runs":[{"text":"Anda mungkin juga suka..."}]},"trackingParams":"CA4Q-lwiEwi6g4KisbuPAxWhep0JHTjiNZs="}},"shareButton":{"buttonRenderer":{"style":"STYLE_OPACITY","size":"SIZE_DEFAULT","isDisabled":false,"icon":{"iconType":"SHARE_ARROW"},"navigationEndpoint":{"clickTrackingParams":"CA0Q-N8BIhMIuoOCorG7jwMVoXqdCR044jWb","commandMetadata":{"webCommandMetadata":{"ignoreNavigation":true}},"shareEntityEndpoint":{"serializedShareEntity":"CgtELVZ5dExoSC1LRaABAg%3D%3D","sharePanelType":"SHARE_PANEL_TYPE_UNIFIED_SHARE_PANEL"}},"tooltip":"Bagikan","trackingParams":"CA0Q-N8BIhMIuoOCorG7jwMVoXqdCR044jWb","accessibilityData":{"accessibilityData":{"label":"Bagikan"}}}},"addToMenu":{"buttonRenderer":{"style":"STYLE_OPACITY","size":"SIZE_DEFAULT","isDisabled":false,"text":{"runs":[{"text":"Tonton nanti"}]},"serviceEndpoint":{"clickTrackingParams":"CAwQ-d8BIhMIuoOCorG7jwMVoXqdCR044jWb","commandMetadata":{"webCommandMetadata":{"apiUrl":"/youtubei/v1/browse/edit_playlist"}},"playlistEditEndpoint":{"playlistId":"WL","actions":[{"addedVideoId":"D-VytLhH-KE","action":"ACTION_ADD_VIDEO"}]}},"icon":{"iconType":"ADD_TO_WATCH_LATER"},"trackingParams":"CAwQ-d8BIhMIuoOCorG7jwMVoXqdCR044jWb","accessibilityData":{"accessibilityData":{"label":"Tonton nanti"}}}},"videoDetails":{"embeddedPlayerOverlayVideoDetailsRenderer":{"channelThumbnail":{"thumbnails":[{"url":"https://yt3.ggpht.com/_uZTchzP3liWObYkxcTtqET6GIJEf5poccNZ8RsufSrA1-a81C38GYLSYYDoE046CnJGFIZmmg=s88-c-k-c0x00ffffff-no-rj","width":68,"height":68}]},"collapsedRenderer":{"embeddedPlayerOverlayVideoDetailsCollapsedRenderer":{"title":{"runs":[{"text":"Jaz - Bersamamu (Official Lyric Video)","navigationEndpoint":{"clickTrackingParams":"CAsQ46ICIhMIuoOCorG7jwMVoXqdCR044jWb","commandMetadata":{"webCommandMetadata":{"url":"http://www.youtube.com/watch?v=D-VytLhH-KE","webPageType":"WEB_PAGE_TYPE_UNKNOWN","rootVe":83769}},"urlEndpoint":{"url":"http://www.youtube.com/watch?v=D-VytLhH-KE","target":"TARGET_NEW_WINDOW"}}}]},"subtitle":{"runs":[{"text":"87 jt x ditonton • 4 rb komentar"}]},"trackingParams":"CAsQ46ICIhMIuoOCorG7jwMVoXqdCR044jWb"}},"expandedRenderer":{"embeddedPlayerOverlayVideoDetailsExpandedRenderer":{"title":{"runs":[{"text":"JAZ"}]},"subscribeButton":{"subscribeButtonRenderer":{"buttonText":{"runs":[{"text":"Subscribe"}]},"subscribed":false,"enabled":true,"type":"FREE","channelId":"UCjZ2GbB_-JHFLKUZAn7jDjg","showPreferences":false,"subscribedButtonText":{"runs":[{"text":"Disubscribe"}]},"unsubscribedButtonText":{"runs":[{"text":"Subscribe"}]},"trackingParams":"CAkQmysiEwi6g4KisbuPAxWhep0JHTjiNZsyCWl2LWVtYmVkcw==","unsubscribeButtonText":{"runs":[{"text":"Unsubscribe"}]},"serviceEndpoints":[{"clickTrackingParams":"CAkQmysiEwi6g4KisbuPAxWhep0JHTjiNZsyCWl2LWVtYmVkcw==","commandMetadata":{"webCommandMetadata":{"sendPost":true,"apiUrl":"/youtubei/v1/subscription/subscribe"}},"subscribeEndpoint":{"channelIds":["UCjZ2GbB_-JHFLKUZAn7jDjg"],"params":"EgIIBxgA"}},{"clickTrackingParams":"CAkQmysiEwi6g4KisbuPAxWhep0JHTjiNZsyCWl2LWVtYmVkcw==","commandMetadata":{"webCommandMetadata":{"sendPost":true,"apiUrl":"/youtubei/v1/subscription/unsubscribe"}},"unsubscribeEndpoint":{"channelIds":["UCjZ2GbB_-JHFLKUZAn7jDjg"],"params":"CgIIBxgA"}}],"style":{"styleType":"OVERLAY"},"notificationPreferenceToggleButton":{"toggleButtonRenderer":{"isToggled":false,"isDisabled":false,"defaultIcon":{"iconType":"CHANNEL_NOTIFICATION_PREFERENCE_OFF"},"defaultServiceEndpoint":{"clickTrackingParams":"CAoQmE0iEwi6g4KisbuPAxWhep0JHTjiNZsyHFBSRUZFUkVOQ0VfQUxMX05PVElGSUNBVElPTlM=","commandMetadata":{"webCommandMetadata":{"sendPost":true,"apiUrl":"/youtubei/v1/notification/modify_channel_preference"}},"modifyChannelNotificationPreferenceEndpoint":{"params":"ChhVQ2paMkdiQl8tSkhGTEtVWkFuN2pEamcSAggCGAE%3D"}},"toggledIcon":{"iconType":"CHANNEL_NOTIFICATION_PREFERENCE_ON"},"toggledServiceEndpoint":{"clickTrackingParams":"CAoQmE0iEwi6g4KisbuPAxWhep0JHTjiNZsyElBSRUZFUkVOQ0VfREVGQVVMVA==","commandMetadata":{"webCommandMetadata":{"sendPost":true,"apiUrl":"/youtubei/v1/notification/modify_channel_preference"}},"modifyChannelNotificationPreferenceEndpoint":{"params":"ChhVQ2paMkdiQl8tSkhGTEtVWkFuN2pEamcSAggBGAE%3D"}},"trackingParams":"CAoQmE0iEwi6g4KisbuPAxWhep0JHTjiNZs=","defaultTooltip":"Dapatkan notifikasi jika ada video baru","toggledTooltip":"Berhenti mendapatkan notifikasi jika ada video baru","accessibilityData":{"accessibilityData":{"label":"Setelan saat ini adalah terima notifikasi sesekali. Ketuk untuk mengubah setelan notifikasi untuk JAZ"}},"toggledAccessibilityData":{"accessibilityData":{"label":"Setelan saat ini adalah terima semua notifikasi. Ketuk untuk mengubah setelan notifikasi untuk JAZ."}}}}}},"subtitle":{"runs":[{"text":"722 rb subscriber"}]},"trackingParams":"CAgQ5KICIhMIuoOCorG7jwMVoXqdCR044jWb"}},"channelThumbnailEndpoint":{"clickTrackingParams":"CAAQg2ciEwi6g4KisbuPAxWhep0JHTjiNZs=","commandMetadata":{"webCommandMetadata":{"url":"/channel/UCjZ2GbB_-JHFLKUZAn7jDjg","webPageType":"WEB_PAGE_TYPE_UNKNOWN","rootVe":83769}},"urlEndpoint":{"url":"/channel/UCjZ2GbB_-JHFLKUZAn7jDjg","target":"TARGET_NEW_WINDOW"}}}},"showShareButtonSmallscreen":true,"showShareButtonFullscreen":true,"fullscreenEngagement":{"fullscreenEngagementOverlayRenderer":{"title":{"runs":[{"text":"Jaz - Bersamamu (Official Lyric Video)"}]},"trackingParams":"CAQQnZYDIhMIuoOCorG7jwMVoXqdCR044jWb","actionBar":{"fullscreenEngagementActionBarRenderer":{"actionBarButtons":[{"slimMetadataButtonRenderer":{"button":{"buttonRenderer":{"style":"STYLE_OPACITY","size":"SIZE_DEFAULT","isDisabled":false,"icon":{"iconType":"SHARE_ARROW"},"navigationEndpoint":{"clickTrackingParams":"CAcQ-N8BIhMIuoOCorG7jwMVoXqdCR044jWb","commandMetadata":{"webCommandMetadata":{"ignoreNavigation":true}},"shareEntityEndpoint":{"serializedShareEntity":"CgtELVZ5dExoSC1LRaABAg%3D%3D","sharePanelType":"SHARE_PANEL_TYPE_UNIFIED_SHARE_PANEL"}},"tooltip":"Bagikan","trackingParams":"CAcQ-N8BIhMIuoOCorG7jwMVoXqdCR044jWb","accessibilityData":{"accessibilityData":{"label":"Bagikan"}}}}}},{"fullscreenEngagementActionBarSaveButtonRenderer":{"button":{"buttonRenderer":{"style":"STYLE_DEFAULT","size":"SIZE_DEFAULT","isDisabled":false,"serviceEndpoint":{"clickTrackingParams":"CAYQ-d8BIhMIuoOCorG7jwMVoXqdCR044jWb","commandMetadata":{"webCommandMetadata":{"apiUrl":"/youtubei/v1/browse/edit_playlist"}},"playlistEditEndpoint":{"playlistId":"WL","actions":[{"addedVideoId":"D-VytLhH-KE","action":"ACTION_ADD_VIDEO"}]}},"icon":{"iconType":"ADD_TO_WATCH_LATER"},"trackingParams":"CAYQ-d8BIhMIuoOCorG7jwMVoXqdCR044jWb","accessibilityData":{"accessibilityData":{"label":"Tonton nanti"}}}}}}],"trackingParams":"CAUQv9oDIhMIuoOCorG7jwMVoXqdCR044jWb"}}}},"fullscreenQuickActionsBar":{"quickActionsViewModel":{"fullscreenRelatedVideosEntryPoint":{"fullscreenRelatedVideosEntryPointViewModel":{"title":{"content":"Video lainnya"},"subtitle":{"content":"Ketuk untuk melihat semua"},"imageFront":{"sources":[{"url":"https://i.ytimg.com/vi/NCGXnz_z_Vs/default.jpg","width":120,"height":90},{"url":"https://i.ytimg.com/vi/NCGXnz_z_Vs/hqdefault.jpg?sqp=-oaymwEbCKgBEF5IVfKriqkDDggBFQAAiEIYAXABwAEG&rs=AOn4CLAC8FPjK94kNRPFAa-5rdJCok1Pzw","width":168,"height":94},{"url":"https://i.ytimg.com/vi/NCGXnz_z_Vs/mqdefault.jpg","width":320,"height":180},{"url":"https://i.ytimg.com/vi/NCGXnz_z_Vs/hqdefault.jpg?sqp=-oaymwEcCNACELwBSFXyq4qpAw4IARUAAIhCGAFwAcABBg==&rs=AOn4CLBC-L6Gz5yP6XJ69Z_hdiuZ7H_jhA","width":336,"height":188},{"url":"https://i.ytimg.com/vi/NCGXnz_z_Vs/hqdefault.jpg","width":480,"height":360},{"url":"https://i.ytimg.com/vi/NCGXnz_z_Vs/sddefault.jpg","width":640,"height":480},{"url":"https://i.ytimg.com/vi/NCGXnz_z_Vs/maxresdefault.jpg","width":1920,"height":1080}]},"imageMiddle":{"sources":[{"url":"https://i.ytimg.com/vi/RJ0RZ8pnKFY/default.jpg","width":120,"height":90},{"url":"https://i.ytimg.com/vi/RJ0RZ8pnKFY/hqdefault.jpg?sqp=-oaymwEbCKgBEF5IVfKriqkDDggBFQAAiEIYAXABwAEG&rs=AOn4CLD5avlrGd7m4BmwD21_abHtgDHSxw","width":168,"height":94},{"url":"https://i.ytimg.com/vi/RJ0RZ8pnKFY/mqdefault.jpg","width":320,"height":180},{"url":"https://i.ytimg.com/vi/RJ0RZ8pnKFY/hqdefault.jpg?sqp=-oaymwEcCNACELwBSFXyq4qpAw4IARUAAIhCGAFwAcABBg==&rs=AOn4CLBjgNGuWZw-GNzxXwW1My4MTYt9Sw","width":336,"height":188},{"url":"https://i.ytimg.com/vi/RJ0RZ8pnKFY/hqdefault.jpg","width":480,"height":360},{"url":"https://i.ytimg.com/vi/RJ0RZ8pnKFY/sddefault.jpg","width":640,"height":480},{"url":"https://i.ytimg.com/vi/RJ0RZ8pnKFY/maxresdefault.jpg","width":1920,"height":1080}]},"imageBack":{"sources":[{"url":"https://i.ytimg.com/vi/v0r-0-ZE2gk/default.jpg","width":120,"height":90},{"url":"https://i.ytimg.com/vi/v0r-0-ZE2gk/hqdefault.jpg?sqp=-oaymwEbCKgBEF5IVfKriqkDDggBFQAAiEIYAXABwAEG&rs=AOn4CLAROas6xldgcT8AipSpSnA_TUBtJg","width":168,"height":94},{"url":"https://i.ytimg.com/vi/v0r-0-ZE2gk/mqdefault.jpg","width":320,"height":180},{"url":"https://i.ytimg.com/vi/v0r-0-ZE2gk/hqdefault.jpg?sqp=-oaymwEcCNACELwBSFXyq4qpAw4IARUAAIhCGAFwAcABBg==&rs=AOn4CLBj8MuE6BMdzk2B_h7vtkjDXuHEKg","width":336,"height":188},{"url":"https://i.ytimg.com/vi/v0r-0-ZE2gk/hqdefault.jpg","width":480,"height":360},{"url":"https://i.ytimg.com/vi/v0r-0-ZE2gk/sddefault.jpg","width":640,"height":480},{"url":"https://i.ytimg.com/vi/v0r-0-ZE2gk/maxresdefault.jpg","width":1920,"height":1080}]}}},"quickActionsBarButtons":[{"buttonViewModel":{"iconName":"PLAYLISTS","accessibilityText":"Tampilkan video playlist","style":"BUTTON_VIEW_MODEL_STYLE_MONO","trackingParams":"CAMQyKUEGAAiEwi6g4KisbuPAxWhep0JHTjiNZs=","state":"BUTTON_VIEW_MODEL_STATE_DISABLED"}}],"watchOnYoutubeButton":{"watchOnYoutubeButtonViewModel":{"watchOnYtLabelButton":{"buttonViewModel":{"onTap":{"innertubeCommand":{"clickTrackingParams":"CAIQyvMFIhMIuoOCorG7jwMVoXqdCR044jWb","commandMetadata":{"webCommandMetadata":{"url":"https://www.youtube.com/watch?v=D-VytLhH-KE","webPageType":"WEB_PAGE_TYPE_UNKNOWN","rootVe":83769}},"urlEndpoint":{"url":"https://www.youtube.com/watch?v=D-VytLhH-KE","target":"TARGET_NEW_WINDOW"}}},"accessibilityText":"Tonton di YouTube","style":"BUTTON_VIEW_MODEL_STYLE_OVERLAY_DARK","trackingParams":"CAIQyvMFIhMIuoOCorG7jwMVoXqdCR044jWb","type":"BUTTON_VIEW_MODEL_TYPE_TEXT","buttonSize":"BUTTON_VIEW_MODEL_SIZE_LARGE","titleFormatted":{"content":"Tonton di","styleRuns":[{"weightLabel":"FONT_WEIGHT_THIN"}],"attachmentRuns":[{"startIndex":9,"length":0,"element":{"type":{"imageType":{"image":{"sources":[{"clientResource":{"imageName":"watermark"}}]}}},"properties":{"layoutProperties":{"height":{"value":20,"unit":"DIMENSION_UNIT_POINT"},"width":{"value":90,"unit":"DIMENSION_UNIT_POINT"},"margin":{"left":{"value":5}}}}},"alignment":"ALIGNMENT_VERTICAL_CENTER"}]}}},"ytLogoOnlyButton":{"buttonViewModel":{"onTap":{"innertubeCommand":{"clickTrackingParams":"CAEQ1tcEIhMIuoOCorG7jwMVoXqdCR044jWb","commandMetadata":{"webCommandMetadata":{"url":"https://www.youtube.com/watch?v=D-VytLhH-KE","webPageType":"WEB_PAGE_TYPE_UNKNOWN","rootVe":83769}},"urlEndpoint":{"url":"https://www.youtube.com/watch?v=D-VytLhH-KE","target":"TARGET_NEW_WINDOW"}}},"accessibilityText":"Tonton di YouTube","style":"BUTTON_VIEW_MODEL_STYLE_MONO","trackingParams":"CAEQ1tcEIhMIuoOCorG7jwMVoXqdCR044jWb","type":"BUTTON_VIEW_MODEL_TYPE_TEXT","buttonSize":"BUTTON_VIEW_MODEL_SIZE_COMPACT","titleFormatted":{"content":" ","attachmentRuns":[{"startIndex":0,"length":0,"element":{"type":{"imageType":{"image":{"sources":[{"clientResource":{"imageName":"watermark"}}]}}},"properties":{"layoutProperties":{"height":{"value":20,"unit":"DIMENSION_UNIT_POINT"},"width":{"value":90,"unit":"DIMENSION_UNIT_POINT"},"margin":{"left":{"value":5}}}}},"alignment":"ALIGNMENT_VERTICAL_CENTER"}]}}}}}}}}}}